{
  "name":"common",
  "pack":"oj-sample-mobile-internal",
  "displayName": "oj-sample-mobile Common Layer",
  "version":"0.0.4",
  "type" : "resource",
  "description": "Translation helper for IDM error codes thrown from oj-ref-cordova-plugin-oracle-idm-auth",
  "jetVersion": ">=5.1.0 <7.0.0",
  "license": "https://opensource.org/licenses/UPL",
  "extension": {
    "export": [
      "auth-error-translations"
    ],
    "catalog": {
      "category": "Resources",
      "coverImage": "resource.svg"
    }
  }
}
