
{
    "apiName":"fixitfastclient",
    "apiVersion":"4.0",
    "apiId":"d0da95e6-a692-4c46-aac7-aa19c0dcc159",
    "baseUrl":"https://6283B441D98B4DB7BD0A83697AF77A37.mobile.ocp.oraclecloud.com:443",
    "tokenEndpoint":"https://idcs-5dac001319144f90b27b817654799ea2.identity.oraclecloud.com/oauth2/v1/token",
    "backend":{
        "backendId":"<YOUR_BACKEND_ID>",
        "backendName":"<YOUR_BACKEND_NAME>",
        "backendVersion":"<YOUR_BACKEND_VERSION>",
        "authorization":{
            "anonymousKey":"<BACKEND_ANONYMOUS_KEY>",
            "clientId":"<BACKEND_CLIENT_ID>",
            "clientSecret":"<BACKEND_CLIENT_SECRET>"
        }
    },
    "tools":{
        "deployment":{
            "tempDirectory":"c:\\tmp\\mcs-deploy"
        },
        "authorization":{
            "clientId":"<OMCE_TM_APP_CLIENT_ID>",
            "clientSecret":"<OMCE_TM_APP_CLIENT_SECRET>"
        }
    },
    "container":{
        "oracleMobileApiName":"OracleMobileAPI",
        "port":4000
    },
    "tests":{
        "patchIncidentsIdActivitiesActid":{
            "method":"PATCH",
            "resource":"/incidents/:id/activities/:actid",
            "uriParameters":{
                "id":"<PARAMETER_VALUE>",
                "actid":"<PARAMETER_VALUE>"
            },
            "payload":{
                "comment":"An updated comment"
            }
        },
        "deleteIncidentsIdActivitiesActid":{
            "method":"DELETE",
            "resource":"/incidents/:id/activities/:actid",
            "uriParameters":{
                "id":"<PARAMETER_VALUE>",
                "actid":"<PARAMETER_VALUE>"
            }
        },
        "getIncidentsIdActivitiesActid":{
            "method":"GET",
            "resource":"/incidents/:id/activities/:actid",
            "uriParameters":{
                "id":"<PARAMETER_VALUE>",
                "actid":"<PARAMETER_VALUE>"
            }
        },
        "deleteLocationsId":{
            "method":"DELETE",
            "resource":"/locations/:id",
            "uriParameters":{
                "id":"<PARAMETER_VALUE>"
            }
        },
        "getLocationsId":{
            "method":"GET",
            "resource":"/locations/:id",
            "uriParameters":{
                "id":"<PARAMETER_VALUE>"
            }
        },
        "putIncidentsId":{
            "method":"PUT",
            "resource":"/incidents/:id",
            "uriParameters":{
                "id":"<PARAMETER_VALUE>"
            },
            "payload":{
                "description":"Updated! Heater unusable!",
                "priority":"high"
            }
        },
        "deleteIncidentsId":{
            "method":"DELETE",
            "resource":"/incidents/:id",
            "uriParameters":{
                "id":"<PARAMETER_VALUE>"
            }
        },
        "getIncidentsId":{
            "method":"GET",
            "resource":"/incidents/:id",
            "uriParameters":{
                "id":"<PARAMETER_VALUE>"
            }
        },
        "patchCustomersId":{
            "method":"PATCH",
            "resource":"/customers/:id",
            "uriParameters":{
                "id":"<PARAMETER_VALUE>"
            },
            "payload":{
                "email":"rosie.dawson@galaxy.com"
            }
        },
        "deleteCustomersId":{
            "method":"DELETE",
            "resource":"/customers/:id",
            "uriParameters":{
                "id":"<PARAMETER_VALUE>"
            }
        },
        "getCustomersId":{
            "method":"GET",
            "resource":"/customers/:id",
            "uriParameters":{
                "id":"<PARAMETER_VALUE>"
            }
        },
        "postCustomers":{
            "method":"POST",
            "resource":"/customers",
            "payload":{
                "firstName":"Hans",
                "lastName":"Schroeder",
                "mobile":"6505067000",
                "email":"hans.schroeder@universe.com"
            }
        },
        "getCustomers":{
            "method":"GET",
            "resource":"/customers"
        },
        "getStatsTechnician":{
            "method":"GET",
            "resource":"/stats/technician"
        },
        "getStatsIncidents":{
            "method":"GET",
            "resource":"/stats/incidents"
        },
        "getIncidentsIdActivities":{
            "method":"GET",
            "resource":"/incidents/:id/activities",
            "uriParameters":{
                "id":"<PARAMETER_VALUE>"
            }
        },
        "getStats":{
            "method":"GET",
            "resource":"/stats"
        },
        "patchUsers~":{
            "method":"PATCH",
            "resource":"/users/~",
            "payload":{
                "home":"5105552222"
            }
        },
        "deleteUsers~":{
            "method":"DELETE",
            "resource":"/users/~"
        },
        "getUsers~":{
            "method":"GET",
            "resource":"/users/~"
        },
        "postIncidents":{
            "method":"POST",
            "resource":"/incidents",
            "payload":{
                "problem":"Incident New",
                "description":"Your Honor, it's not easy being my parents.",
                "priority":"high"
            }
        },
        "getIncidents":{
            "method":"GET",
            "resource":"/incidents"
        },
        "deleteStorage":{
            "method":"DELETE",
            "resource":"/storage"
        }
    }
}